волнa;босс;подкрепление: 
Уровень пройден;Миссия завершена;ЗАПУСК ДВИГАТЕЛЯ;Без урона;x2 космилита
ВРЕМЯ ОСТАНОВЛЕНО;Чувствительность :;- ВОЗОБНОВИТЬ -;БЕЗОПАСНАЯ ТОЧКА
|||||||||||||||||||| ! ВНИМАНИЕ ! ||||||||||||||||||||;Вектор-время: критический режим;>контур наномашин не отвечает. активная защита не функционирует;>необходимо вернуться в безопасную временную точку;>любое повреждение приведёт к гибели судна;БЕЗОПАСНАЯ ТОЧКА;ИНФОРМАЦИОННАЯ БОМБА ЗАГРУЖЕНА. ВАС НАСТИГНЕТ СЕРДЕЧНЫЙ ПРИСТУП ЧЕРЕЗ 1104 ДНЯ 16 ЧАСОВ 20 МИНУТ 42 СЕКУНД
! ОПАСНОСТЬ !;СОПРОТИВЛЕНИЕ;ЗАСАДА;АНОМАЛИЯ;НАЛЁТ;УДЕРЖАНИЕ;ОСАДА;ОТРЯД;ЭСКАДРА;КРУШЕНИЕ
! Безопасная зона !<br>! оставайтесь здесь !
выберите программу обслуживания:;требуется технология: броня;требуется технология: устройства;* выбрав программу, она автоматически выполнится и будет выполнена процедура отстыковки.;* в случае непредвиденного отключения, ваш корабль будет доставлен на корабль-носитель и никакая программа не будет применена.
деликатная;* 100% ремонт + сброс цены ремонта;* наращивание брони: +5;* очистка от заражения: 3 в 1;> деликатная программа: забота о состоянии главных систем корабля и поддержании чистоты.
спорт;* 40% ремонт;* тюнинг буфера устройства;* поставка аурита: 200;> спортивная программа: способствует более активному стилю ведения боя.
эко;* 30% + 20№ ремонт;* поставка дрона "Хмель";* модернизация всех дронов;> экологичная программа: дроны на  батареях оставляют меньше оксидов при эксплуатации.
>вектор-время: двигаемся в безопасную точку...;>вектор-время: прибытие...
>неопознанный объект;>неопознанный объект;>курс перестроен;>пространственная аномалия;>ошибка в расчётах: корректировка...;>высокое давление: компенсация...;>неопознанный объект;>низкое напряжение: запасной конденсатор;>переохлаждение;>переохлаждение;>высокая турбулентность;>входящее сообщение: *************;>перегрузка;>намагничивание наномашин: прогрев контура;>радиационная защита не справляется;>перегрев;>касание объекта;>нехватка тахионов: перераспределение мощности
МВт