Радиант;1.0;Первое изобретение Зевса. Классический бластер без сильных или слабых сторон.
Восход;1.45;Рассеивает плазму веером. Из-за нестабильности, снаряды взрывоопасны и имеют меньшее время жизни.
Волна
Шторм;1.3;Шквал из быстрых пуль с разбросом. Требуется время на раскрутку стволов.
Айсберг
Брюхоног
Актиния
Кораблекрушение;0.9;Редкие, мощные ядра, которые пробивают 1 противника и взрываются при контактсе со 2-ым. Ядра ломают пули.
Щупальце;2.0;Мощный самоноводящийся хемоогнемёт с очень низкой дальностью.
Звездопад
Наутилус
Конус Лимбус
ДИНГЕРГИСБАР
Откровение;1.35;Словно очередь из автомата, мои слова будут преследовать тебя, пока смерть не разлучит вас.