ЗОЛОТАЯ ПРИСАДКА;Вы получаете больше аурита за уровень.
ИМПУЛЬСНЫЙ ТАРАН;Можно таранить более живучих противников.
КАПИТАЛКА;Полное техобслуживание корабля + сброс цены ремонта.
УСКОРИТЕЛЬ ГАУССА;Увеличивает скорость полёта снарядов.
УГНЕТАЮЩАЯ ПРОПАГАНДА;Противники теряют былую сноровку!
ВЕКТОР - ВРЕМЯ ++;Замедление времени эффективнее.
АДАПТИВНАЯ БРОНЯ;Понижает любой получаемый урон.
КОСМИЧЕСКАЯ ПРИСАДКА;Вы получите больше космилита за эту миссию.
СПУТНИК "ГУОН";Блокирует снаряды, кружась вокруг Вас. Не стеклянный.
СПУТНИК "РАДИАНТ";Атакующий, боевой дрон со средней живучестью.
ПЯТИФАЗНОЕ РЕЛЕ;Генерирует ауру, наносящую урон. Чувствительное.
ГАЗОВАЯ "КРОВЬ";Заменяет связывающее вещество наномашин взрывоопасным газом.
"СМЕРТЬ";Повышение вашей смертоносности, ценой живучести.
"ВУЛКАН";Дополнительное оружие, а точнее - два!
"ПРИЗРАК";Предотвращает любые столкновения...
СМАЗКА;Ускоряет подготовку оружия.
ГУСТОЙ ЭЛЕКТРОЛИТ;Упрощает обслуживание наномашин.
ТИТАНОВАЯ ПЛАСТИНА;Слишком банально. Может принять небольшое количество урона.
ПАКЕТ АКЦИЙ;В конце следующего уровня, получите дивиденды в размере 50-200 аурита.
ВАУЧЕР "ККК";Рискованная финансовая авантюра. "Либо вилка - либо торт" - ККК.
СПУТНИК "ЮПИТЕР";Спутник, защищающий своим корпусом.
СИГАРЕТЫ;ОПИСАНИЕ ЗАБЛОКИРОВАНО.
АМУЛЕТ УДАЧИ;Вы верите в удачу?
ЗОЛОТОЙ ЧЕРЕП;Значительно больше аурита и проблем.
ДЕ3 - ИНТЕГРАТ0Р;Оружие смерти. Нельзя улучшить.
ЗАГУСТИТЕЛЬ ЭФИРА;Вязкое пространство, почти как воздух.
СПУТНИК "ПАТРОН";Блокирует снаряды и ведёт ответный огонь!
СПУТНИКИ "ФРЕЗА";2 штуки. Блокируют снаряды и наносят урон. Не игрушка.
ЖЁЛТАЯ ДЕТАЛЬ;Деталь из необычного материала. Улучшит все системы.
МИНОКЛАД;Устанавливает мины. Будьте осторожны!
СПУТНИК "СТРАЙКЕР";Атакующий, боевой дрон со средней живучестью.
СПУТНИК "КОНСЕРВА";Чудо техники. Атакующий, боевой дрон с абсолютной живучестью.
ПОВЕРАП;Огневая мощь ++
"САЙГА";Особая деталь из германиевого сплава. Повысит огневую мощь.
СОСТАВ "СПЕКТРУМ";Пули прошивают противников, но на их обработку уходит время.
АККУМУЛЯТОР;3000 Ампер на 1 уровень для вашего главного оружия.
ИРИДИЕВАЯ БРОНЯ;Очень тяжелая броня. Полностью деградирует за 1 уровень.
ТАРАН РЕКУПЕРАТОР;Тараны рекуперируют наномашины.
ТЕПЛО - РАЗГОН;Разгон главного оружия, ценой точности.
"СТРАЖ";Комплект защитных спутников. Усложняет обслуживание наномашин.
"ФАЗА";При опасности телепортирует в случайное место. Вы точно уверены?
"БОЛТЕР";Рефакторинг вашего главного оружия под стандарты космического десанта.
3 СЛУЧАЙНЫХ МОДУЛЯ;3 случайных модуля. Что может пойти не так?
ПОВЕРАП ПОВЕРАПОВ;Увеличивает время действия желтых поверапов.
КАЛИМАТОР;Лучевой целеуказатель.
ПОСТАВКА КПГ-7;С каждой новой волной запускается КПГ-7.
ТУРБИНА;Уничтожение врага разгоняет главное оружие.
МИНИРОВАНИЕ;Зона сражения будет заминирована. Ваш хэш-ключ в белом списке.
СПУТНИК "ШАФТ";Атакующий, боевой дрон со средней живучестью.
КСАУ "ПИОН";Помощь артиллерии. 
СПУТНИК "РАКЕТА";Многоразовая  ракета, которая блокирует снаряды.
ЖИДКОЕ ВРЕМЯ;Замедление времени значительно эффективнее.
ДЕКОМПРЕССИЯ;Разжижает пространство - почти как вакуум!
СПУТНИК "ВЕНЕРА";Синтезирует наномашины в конце каждого задания.
СИНЯЯ ПРИСАДКА;Улучшает характеристики плазмы. Огневая мощь повышена.
СУПЕРЧАРДЖЕР;Главное оружие значительно разгоняется со временем.
ШТАММ "БЕШЕНСТВО";Биологическое оружие. Угнетение живучести, повышение агрессии.
АДДИТИВНЫЙ ТАРАН;Тараны улучшают корабль до конца миссии за наномашины.
ДВОЕНИЕ;Удвоить аурит.
БЕРСЕРК;Удвоить урон в критическом режиме. Повышает получаемый урон.
ПОСТАВКА МОДУЛЕЙ;+1 выбор модуля.
ОКТААЗАКУБАН;Присадка, улучшающая качество взрывов.
ЗАЩИТА ПЕРИМЕТРА;Космический электропастух.
КОНТРАКТ TOTAL ENGINE;+2 выбор модулей и что-то мелким шрифтом.
СТЕКЛЯННАЯ ПУШКА;Крайне хрупкое, дорогое и мощное оружие.
ДЕМОН;:)
АНГЕЛ;ПРОООИ ОЕОЯ ОООО
КОНТРАБАНДА;+1 выбор модуля.
СЖИГАТЕЛЬ МУСОРА;Сжигает мусор. Толерантен к вашим противникам.
СПУТНИК "МАРС";Неуязвимый таранный дрон.
СПУТНИК "НЕПТУН";Атакующий, боевой дрон с высокой живучестью.
ЭКСПРЕСС ТЮНИНГ;+2 уровня оружия. Снижает эффективность ремонта.
ДОКУМЕНТАЦИЯ;Обслуживать наномашины станет проще. Оказывается.
СТАРАЯ КАСАТКА;Запасной корабль. Долгая история.
АУГМЕНТАЦИЯ;Конвертирует все ваши модули в огневую мощь и броню.
БРОНЕ- СЕРДЕЧНИКИ;Пока у вас есть броня, пули прошивают противников.
ПАНЦЕРПАТРОН;Тяжелые пули, пока у вас есть броня.
КРИТИЧЕСКАЯ МАССА;Не стоило вам разрушать мою броню.
ПЕРЕРАБОТКА;Каждое улучшение оружия сбрасывается и преобразуется в наносимый урон.
СИНЯЯ РУКА;Теперь можно отражать только свои снаряды. Да.
КРАСНАЯ РУКА;Вместо отражения снарядов, отражайте хлебала врагов.
КЕШБЭК;Повышенная выгода для ваших врагов.
СПУТНИК "САТУРН";Блокирует и иногда отражает снаряды.
ТАРАН МИДАСА;Чем больше противников - тем больше аурита.
ИБП;Эффективность тарана не зависит от количества врагов.
ОРТОДОНТ;Особая буровая модель таранного щита.
РЕКУПЕРАЦИЯ;Время действия таранного щита увеличено.
ИНФРА- ИНФАРКТ;Вызывает остановку сердца и детонацию компрессора у слабых противников.
НЕГАТИВНАЯ КАМЕРА;Увеличивает размер снарядов главного оружия.
ЗЕЛЁНЫЙ ПОВЕРАП;Увеличивает огневую мощь на 1 уровень.
РЕМКОМПЛЕКТ;Стабильные + 15№ и +30% всего объёма контура наномашин.
"ГОЛИАФ";Много брони. Утраивает получаемый урон, если она закончилась.
"БУРЕЛОМ";Теперь вы полностью переоборудованы под тараны.
"ПРИЗМА";Не последняя. Отражает целый спектр снарядов.
"ТАНКЕР";+4 выбор модулей.  Придется понизить уровень оружия.
"ТЕЛЕСКОП";Теперь вы типичный астроном из Кетуса со своей обсерваторией.
"360";Ваше главное оружие перемещается на поворотную турель.
ВОЕННЫЕ ОБЛИГАЦИИ;ЦБ Total Engine каждый этап будет выплачивать Вам процент в 15-35 аурита.